MODELS,Precision,Recall,F1-Score,AUC-Score,Topsis Score,Rank
BERT,0.9152,0.9023,0.9087,0.9561,0.30366774024813487,2
RoBERTa,0.9204,0.9101,0.9152,0.9603,0.23488799068325172,5
DistilBERT,0.9201,0.9034,0.8867,0.9072,0.8434529089492522,1
XLNet,0.9265,0.9138,0.9301,0.9527,0.2728787426074143,3
T5,0.9187,0.9054,0.9119,0.9582,0.2710254558248172,4
